patient	n	tree	subtree	mutation_count	RSS	Signature.1	Signature.3	Signature.5	Signature.2	Signature.13
1	9	1	A;B;D;F;H;C;E;G;I	4674	59454.43	 0.9219429	 0.07805707	 0	 0	 0
10	6	1	A;C;E;B;D;F	3188	22452.01	 0.9058876	 0.09411239	 0	 0	 0
2	6	1	A;C;E;B;D;F	2280	13810.24	 1	 0	 0	 0	 0
3	7	1	A;C;D;F;B;E;G	3164	24412.9	 0.9908217	 0.009178315	 0	 0	 0
4	8	1	A;C;E;B;D;F;G;H	4400	55245.31	 0.8532135	 0.1073101	 0	 0	 0.03947645
7	5	1	A;C;D;B;E	1830	11586.77	 0.5039837	 0.4656967	 0	 0.03031961	 0
9	3	1	A;B;C	1240	14740.18	 1	 0	 0	 0	 0
